-- Starter data for a clean XCoLab instance
-- created using ../database-reset.sql

INSERT INTO members_Member (id_, screenName, emailAddress, isEmailConfirmed, firstName, lastName, hashedPassword, createDate, modifiedDate, passwordModifiedDate, country, shortBio, facebookId, googleId, openId, loginIP, loginDate, status, forgotPasswordToken, forgotPasswordTokenExpireTime, portraitFileEntryId, reportKarma, autoRegisteredMemberStatus, uuid)
  VALUES (10144, 'admin', 'admin+u10144@example.com', 0, 'Admin', 'CoLab', 'PBKDF2_160_128000_g81/ioSNrXo=_pRj14MUWBMdoAVhbI7pqUlGdrII=', '2009-08-19 01:00:00', '2009-08-19 01:00:00', '2009-08-19 01:00:00', 'United States', '', 0, null, '', '127.0.0.1', '2009-08-19 01:00:00', 0, null, null, 0, 100, 0, null),
    (10145, 'member', 'member+u10145@example.com', 0, 'Member', 'CoLab', 'PBKDF2_160_128000_g81/ioSNrXo=_pRj14MUWBMdoAVhbI7pqUlGdrII=', '2009-08-19 01:00:00', '2009-08-19 01:00:00', '2009-08-19 01:00:00', 'United States', '', 0, null, '', '127.0.0.1', '2009-08-19 01:00:00', 0, null, null, 0, 100, 0, null);
INSERT INTO sharedcolab_SharedMember (sharedMemberId, screenName, emailAddress, createDate, colabOrigin)
  VALUES (10144, 'admin', 'admin+u10144@example.com', '2009-08-19 01:00:00', 'XCoLab'),
    (10145, 'member', 'member+u10145@example.com', '2009-08-19 01:00:00', 'XCoLab');

INSERT INTO Users_Roles (userId, roleId) VALUES (10144, 10118), (10144, 10122), (10145, 10122);

INSERT INTO comment_Category (categoryId, groupId, authorId, name, description, createDate, deletedDate, sort, isQuiet) VALUES (12501, 701, 10144, 'General Discussion', 'This set of discussions is where Climate CoLab members can engage around any topics that interest them.', '2010-10-02 00:00:00', null, null, 0);
INSERT INTO comment_Category (categoryId, groupId, authorId, name, description, createDate, deletedDate, sort, isQuiet) VALUES (12502, 701, 10144, 'Report bugs and request features', 'This group of discussions is where users can report bugs and suggest new features.', '2010-10-02 00:00:00', null, null, 0);

INSERT INTO comment_CategoryGroup (groupId, description, url, isQuiet) VALUES (701, 'Test Category', '/web/guest/discussion', 0);

INSERT INTO flagging_ReportTarget (reportTargetId, type, reason, notificationThreshold, screeningThreshold) VALUES (1, 'PROPOSAL', 'Spam', 0, -1);
INSERT INTO flagging_ReportTarget (reportTargetId, type, reason, notificationThreshold, screeningThreshold) VALUES (2, 'PROPOSAL', 'Inappropriate language', 0, 200);
INSERT INTO flagging_ReportTarget (reportTargetId, type, reason, notificationThreshold, screeningThreshold) VALUES (3, 'COMMENT', 'Spam', 0, -1);
INSERT INTO flagging_ReportTarget (reportTargetId, type, reason, notificationThreshold, screeningThreshold) VALUES (4, 'COMMENT', 'Inappropriate language', 0, 200);

INSERT INTO members_RoleGroup (roleGroupId, name) VALUES (1, 'Members');
INSERT INTO members_RoleGroup (roleGroupId, name) VALUES (2, 'Admins');
INSERT INTO members_RoleGroup (roleGroupId, name) VALUES (3, 'Privileged users');

INSERT INTO members_RoleGroupRoles (roleGroupId, roleId) VALUES (1, 10122);
INSERT INTO members_RoleGroupRoles (roleGroupId, roleId) VALUES (2, 10118);
INSERT INTO members_RoleGroupRoles (roleGroupId, roleId) VALUES (3, 44201);
INSERT INTO members_RoleGroupRoles (roleGroupId, roleId) VALUES (3, 193260);
INSERT INTO members_RoleGroupRoles (roleGroupId, roleId) VALUES (3, 193261);
INSERT INTO members_RoleGroupRoles (roleGroupId, roleId) VALUES (3, 1251483);
INSERT INTO members_RoleGroupRoles (roleGroupId, roleId) VALUES (3, 1430078);
INSERT INTO members_RoleGroupRoles (roleGroupId, roleId) VALUES (3, 1958405);
INSERT INTO members_RoleGroupRoles (roleGroupId, roleId) VALUES (3, 1975251);

INSERT INTO Role_ (roleId, companyId, classNameId, classPK, name, title, description, type_, subtype, uuid_, userId, userName, createDate, modifiedDate) VALUES (10118, 10112, 10034, 10118, 'Administrator', '', '<?xml version=''1.0'' encoding=''UTF-8''?><root available-locales="en_US" default-locale="en_US"><Description language-id="en_US">Administrators are super users who can do anything.</Description></root>', 1, '', 'b4f19bff-b9a4-4c68-a522-84b5a01b4d64', 10115, '', '2014-01-19 19:07:01', '2014-01-19 19:07:01');
INSERT INTO Role_ (roleId, companyId, classNameId, classPK, name, title, description, type_, subtype, uuid_, userId, userName, createDate, modifiedDate) VALUES (10119, 10112, 10034, 10119, 'Guest', '', '<?xml version=''1.0'' encoding=''UTF-8''?><root available-locales="en_US" default-locale="en_US"><Description language-id="en_US">Unauthenticated users always have this role.</Description></root>', 1, '', '63a8feb5-a799-4646-b35b-a23d8cb0db38', 10115, '', '2014-01-19 19:07:01', '2014-01-19 19:07:01');
INSERT INTO Role_ (roleId, companyId, classNameId, classPK, name, title, description, type_, subtype, uuid_, userId, userName, createDate, modifiedDate) VALUES (10120, 10112, 10034, 10120, 'Owner', '', '<?xml version=''1.0'' encoding=''UTF-8''?><root available-locales="en_US" default-locale="en_US"><Description language-id="en_US">This is an implied role with respect to the objects users create.</Description></root>', 1, '', '7b4d42a0-a8f8-4551-ac3e-1440ffc3bf24', 10115, '', '2014-01-19 19:07:01', '2014-01-19 19:07:01');
INSERT INTO Role_ (roleId, companyId, classNameId, classPK, name, title, description, type_, subtype, uuid_, userId, userName, createDate, modifiedDate) VALUES (10121, 10112, 10034, 10121, 'Power User', '', '<?xml version=''1.0'' encoding=''UTF-8''?><root available-locales="en_US" default-locale="en_US"><Description language-id="en_US">Power Users have their own personal site.</Description></root>', 1, '', '0d136c4e-0914-4141-a91e-4b69a336f87c', 10115, '', '2014-01-19 19:07:01', '2014-01-19 19:07:01');
INSERT INTO Role_ (roleId, companyId, classNameId, classPK, name, title, description, type_, subtype, uuid_, userId, userName, createDate, modifiedDate) VALUES (10122, 10112, 10034, 10122, 'User', '', '<?xml version=''1.0'' encoding=''UTF-8''?><root available-locales="en_US" default-locale="en_US"><Description language-id="en_US">Authenticated users should be assigned this role.</Description></root>', 1, '', '1a1888e2-8db2-40d8-b52d-a29f74da4e57', 10115, '', '2014-01-19 19:07:01', '2014-01-19 19:07:01');
INSERT INTO Role_ (roleId, companyId, classNameId, classPK, name, title, description, type_, subtype, uuid_, userId, userName, createDate, modifiedDate) VALUES (10123, 10112, 10034, 10123, 'Site Administrator', '', '<?xml version=''1.0'' encoding=''UTF-8''?><root available-locales="en_US" default-locale="en_US"><Description language-id="en_US">Site Administrators are super users of their site but cannot make other users into Site Administrators.</Description></root>', 2, '', 'cc946c28-49c6-433e-a18c-c3305f4f5693', 10115, '', '2014-01-19 19:07:01', '2014-01-19 19:07:01');
INSERT INTO Role_ (roleId, companyId, classNameId, classPK, name, title, description, type_, subtype, uuid_, userId, userName, createDate, modifiedDate) VALUES (10124, 10112, 10034, 10124, 'Site Member', '', '<?xml version=''1.0'' encoding=''UTF-8''?><root available-locales="en_US" default-locale="en_US"><Description language-id="en_US">All users who belong to a site have this role within that site.</Description></root>', 2, '', 'bd1b8a7c-c5a2-433a-adca-19188379f05f', 10115, '', '2014-01-19 19:07:01', '2014-01-19 19:07:01');
INSERT INTO Role_ (roleId, companyId, classNameId, classPK, name, title, description, type_, subtype, uuid_, userId, userName, createDate, modifiedDate) VALUES (10125, 10112, 10034, 10125, 'Site Owner', '', '<?xml version=''1.0'' encoding=''UTF-8''?><root available-locales="en_US" default-locale="en_US"><Description language-id="en_US">Site Owners are super users of their site and can assign site roles to users.</Description></root>', 2, '', 'd3f22bac-ad57-414c-b700-79f45f4976e4', 10115, '', '2014-01-19 19:07:01', '2014-01-19 19:07:01');
INSERT INTO Role_ (roleId, companyId, classNameId, classPK, name, title, description, type_, subtype, uuid_, userId, userName, createDate, modifiedDate) VALUES (10126, 10112, 10034, 10126, 'Organization Administrator', '', '<?xml version=''1.0'' encoding=''UTF-8''?><root available-locales="en_US" default-locale="en_US"><Description language-id="en_US">Organization Administrators are super users of their organization but cannot make other users into Organization Administrators.</Description></root>', 3, '', '58fba21b-822f-4169-9518-2bbc8acd357b', 10115, '', '2014-01-19 19:07:01', '2014-01-19 19:07:01');
INSERT INTO Role_ (roleId, companyId, classNameId, classPK, name, title, description, type_, subtype, uuid_, userId, userName, createDate, modifiedDate) VALUES (10127, 10112, 10034, 10127, 'Organization User', '', '<?xml version=''1.0'' encoding=''UTF-8''?><root available-locales="en_US" default-locale="en_US"><Description language-id="en_US">All users who belong to an organization have this role within that organization.</Description></root>', 3, '', '1eed4502-9f4c-4993-90db-1eacc5048c15', 0, '', null, null);
INSERT INTO Role_ (roleId, companyId, classNameId, classPK, name, title, description, type_, subtype, uuid_, userId, userName, createDate, modifiedDate) VALUES (10128, 10112, 10034, 10128, 'Organization Owner', '', '<?xml version=''1.0'' encoding=''UTF-8''?><root available-locales="en_US" default-locale="en_US"><Description language-id="en_US">Organization Owners are super users of their organization and can assign organization roles to users.</Description></root>', 3, '', '8e5215c1-0985-4022-86b8-82e86e3434a2', 10115, '', '2014-01-19 19:07:01', '2014-01-19 19:07:01');
INSERT INTO Role_ (roleId, companyId, classNameId, classPK, name, title, description, type_, subtype, uuid_, userId, userName, createDate, modifiedDate) VALUES (26021, 10112, 10034, 26021, 'Blogger', '', 'A user who can add entries to the blog', 1, '', '4952e952-fea2-4a82-b6a1-cf9834970bdd', 10115, '', '2014-01-19 19:07:01', '2014-01-19 19:07:01');
INSERT INTO Role_ (roleId, companyId, classNameId, classPK, name, title, description, type_, subtype, uuid_, userId, userName, createDate, modifiedDate) VALUES (31213, 10112, 10034, 31213, 'Moderator', '<?xml version=''1.0'' encoding=''UTF-8''?><root available-locales="en_US" default-locale="en_US"><title language-id="en_US">Moderator</title></root>', 'Responsible for curating content on the site.', 1, '', '45aef213-d66e-4e83-b86c-2a6b604fe3c5', 10115, '', '2014-01-19 19:07:01', '2014-01-19 19:07:01');
INSERT INTO Role_ (roleId, companyId, classNameId, classPK, name, title, description, type_, subtype, uuid_, userId, userName, createDate, modifiedDate) VALUES (31704, 10112, 10034, 31704, 'Staff', '<?xml version=''1.0'' encoding=''UTF-8''?><root available-locales="en_US" default-locale="en_US"><title language-id="en_US">Collaboratorium team</title></root>', 'People involved in collaboratorium development', 1, '', '1a612d52-5e68-4513-88bc-375fd64ab083', 10115, '', '2014-01-19 19:07:01', '2014-01-19 19:07:01');
INSERT INTO Role_ (roleId, companyId, classNameId, classPK, name, title, description, type_, subtype, uuid_, userId, userName, createDate, modifiedDate) VALUES (38133, 10112, 10034, 38133, 'Wiki Maintainer', '', 'Enables admin access to wiki', 1, '', 'eb3b5048-8afe-446c-939b-cb633a88d856', 10115, '', '2014-01-19 19:07:01', '2014-01-19 19:07:01');
INSERT INTO Role_ (roleId, companyId, classNameId, classPK, name, title, description, type_, subtype, uuid_, userId, userName, createDate, modifiedDate) VALUES (44201, 10112, 10034, 44201, 'Experts', '', 'Members of the Expert council', 1, '', '592f5f95-f8a3-437c-8b03-47459924454f', 10115, '', '2014-01-19 19:07:01', '2014-01-19 19:07:01');
INSERT INTO Role_ (roleId, companyId, classNameId, classPK, name, title, description, type_, subtype, uuid_, userId, userName, createDate, modifiedDate) VALUES (193260, 10112, 10034, 193260, 'Advisor', '', 'Experienced professionals who provide input on proposals and help to bring the contest results to key stakeholders.', 1, '', 'c7b7b849-22f0-47dc-b053-3560ea884a10', 10115, '', '2014-01-19 19:07:01', '2014-01-19 19:07:01');
INSERT INTO Role_ (roleId, companyId, classNameId, classPK, name, title, description, type_, subtype, uuid_, userId, userName, createDate, modifiedDate) VALUES (193261, 10112, 10034, 193261, 'Fellow', '', 'Students and concerned citizens who encourage and moderate contest activity', 1, '', '360edbd1-3023-45d7-933e-f159ddd6f746', 10115, '', '2014-01-19 19:07:01', '2014-01-19 19:07:01');
INSERT INTO Role_ (roleId, companyId, classNameId, classPK, name, title, description, type_, subtype, uuid_, userId, userName, createDate, modifiedDate) VALUES (1013998, 10112, 10034, 1013998, 'Outreach specialist', '', '', 1, '', '4479f3e1-3ac9-4781-bc40-2f82a355064b', 10115, '', '2014-01-19 19:07:01', '2014-01-19 19:07:01');
INSERT INTO Role_ (roleId, companyId, classNameId, classPK, name, title, description, type_, subtype, uuid_, userId, userName, createDate, modifiedDate) VALUES (1015916, 10112, 10034, 1015916, 'Community Content Reviewer', null, null, 2, null, '50d69e64-8e21-481b-995e-e2f33edd36e4', 10115, '', '2014-01-19 19:07:01', '2014-01-19 19:07:01');
INSERT INTO Role_ (roleId, companyId, classNameId, classPK, name, title, description, type_, subtype, uuid_, userId, userName, createDate, modifiedDate) VALUES (1015917, 10112, 10018, 1015917, 'Organization Content Reviewer', null, null, 3, null, '3f0fc2a6-4386-4c40-aa70-181588da8257', 10115, '', '2014-01-19 19:07:01', '2014-01-19 19:07:01');
INSERT INTO Role_ (roleId, companyId, classNameId, classPK, name, title, description, type_, subtype, uuid_, userId, userName, createDate, modifiedDate) VALUES (1015918, 10112, 10005, 1015918, 'Portal Content Reviewer', null, null, 1, null, '25577e74-d334-4f43-9259-50927a3d00e7', 10115, '', '2014-01-19 19:07:01', '2014-01-19 19:07:01');
INSERT INTO Role_ (roleId, companyId, classNameId, classPK, name, title, description, type_, subtype, uuid_, userId, userName, createDate, modifiedDate) VALUES (1251483, 10112, 10034, 1251483, 'Judges', '<?xml version=''1.0'' encoding=''UTF-8''?><root available-locales="" default-locale="en_US" />', '<?xml version=''1.0'' encoding=''UTF-8''?><root available-locales="en_US" default-locale="en_US"><Description language-id="en_US">Judges</Description></root>', 1, '', '0c925b8a-d885-4a21-8de2-f5f15dae2671', 10115, '', '2014-01-19 19:07:01', '2014-01-19 19:07:01');
INSERT INTO Role_ (roleId, companyId, classNameId, classPK, name, title, description, type_, subtype, uuid_, userId, userName, createDate, modifiedDate) VALUES (1289509, 10112, 10034, 1289509, 'predict_the_winners_admin', '<?xml version=''1.0'' encoding=''UTF-8''?><root available-locales="en_US" default-locale="en_US"><Title language-id="en_US">predict_the_winners_admin</Title></root>', '', 1, '', '61a01742-cc44-4df1-81d8-5c548b9678c9', 10115, '', '2014-01-19 19:07:01', '2014-01-19 19:07:01');
INSERT INTO Role_ (roleId, companyId, classNameId, classPK, name, title, description, type_, subtype, uuid_, userId, userName, createDate, modifiedDate) VALUES (1411593, 10112, 10034, 1411593, 'Site Content Reviewer', '', '<?xml version=''1.0'' encoding=''UTF-8''?><root available-locales="en_US" default-locale="en_US"><Description language-id="en_US">Autogenerated role from workflow definition</Description></root>', 2, '', 'efadd610-7cd0-46ed-8bf5-9f092dba5751', 10115, '', '2014-01-19 19:09:36', '2014-01-19 19:09:36');
INSERT INTO Role_ (roleId, companyId, classNameId, classPK, name, title, description, type_, subtype, uuid_, userId, userName, createDate, modifiedDate) VALUES (1423086, 10112, 10034, 1423086, 'Supporter', '<?xml version=''1.0'' encoding=''UTF-8''?><root available-locales="en_US" default-locale="en_US"><Title language-id="en_US">Supporter</Title></root>', '', 1, '', '71273422-c293-496c-a17c-df2df491ce35', 10144, 'Admin Istrator', '2014-03-13 13:28:31', '2014-03-13 13:28:31');
INSERT INTO Role_ (roleId, companyId, classNameId, classPK, name, title, description, type_, subtype, uuid_, userId, userName, createDate, modifiedDate) VALUES (1427577, 10112, 10034, 1427577, 'RedBalloon admin', '<?xml version=''1.0'' encoding=''UTF-8''?><root available-locales="en_US" default-locale="en_US"><Title language-id="en_US">Red Balloon Admin</Title></root>', '', 1, '', 'fc6c1b29-8a78-4b5e-b33c-25b1ff751436', 10144, 'Admin Istrator', '2014-04-07 13:01:56', '2014-04-07 13:01:56');
INSERT INTO Role_ (roleId, companyId, classNameId, classPK, name, title, description, type_, subtype, uuid_, userId, userName, createDate, modifiedDate) VALUES (1430078, 10112, 10034, 1430078, 'Catalyst', '', '', 1, '', 'fbd6111d-9ab3-4296-9eb2-b7e24604e262', 1416686, 'Klemens Mang', '2014-04-15 11:37:34', '2014-04-15 11:37:34');
INSERT INTO Role_ (roleId, companyId, classNameId, classPK, name, title, description, type_, subtype, uuid_, userId, userName, createDate, modifiedDate) VALUES (1958405, 10112, 10034, 1958405, 'Contest Manager', '<?xml version=''1.0'' encoding=''UTF-8''?><root available-locales="en_US" default-locale="en_US"><Title language-id="en_US">Contest Manager</Title></root>', '<?xml version=''1.0'' encoding=''UTF-8''?><root available-locales="en_US" default-locale="en_US"><Description language-id="en_US">Contest Manager</Description></root>', 1, '', '0c7b2f74-131a-4169-865f-7f6793f0ad50', 1947856, 'Thomas Knauer', '2015-03-02 10:05:43', '2015-03-02 10:05:43');
INSERT INTO Role_ (roleId, companyId, classNameId, classPK, name, title, description, type_, subtype, uuid_, userId, userName, createDate, modifiedDate) VALUES (1975251, 10112, 10034, 1975251, 'Impact Assessment Fellow', '<?xml version=''1.0'' encoding=''UTF-8''?><root available-locales="en_US" default-locale="en_US"><Title language-id="en_US">Impact Assessment Fellow</Title></root>', '', 1, '', 'c1eb2d0a-79fc-4179-889a-08675b382504', 10144, 'Judging Results', '2015-04-11 10:34:57', '2015-04-11 10:34:57');

INSERT INTO xcolab_ConfigurationAttribute (name, additionalId, numericValue, stringValue, realValue) VALUES ('ACTIVE_THEME', 0, 0, 'CLIMATE_COLAB', 0);
INSERT INTO xcolab_ConfigurationAttribute (name, additionalId, numericValue, stringValue, realValue) VALUES ('ADMIN_EMAIL', 0, 0, 'admin@my-xcolab.org', 0);
INSERT INTO xcolab_ConfigurationAttribute (name, additionalId, numericValue, stringValue, realValue) VALUES ('ADMIN_FROM_EMAIL', 0, 0, 'no-reply@my-xcolab.org', 0);
INSERT INTO xcolab_ConfigurationAttribute (name, additionalId, numericValue, stringValue, realValue) VALUES ('BETA_RIBBON_SHOW', 0, 0, '', 0);
INSERT INTO xcolab_ConfigurationAttribute (name, additionalId, numericValue, stringValue, realValue) VALUES ('BLOG_URL', 0, 0, '', 0);
INSERT INTO xcolab_ConfigurationAttribute (name, additionalId, numericValue, stringValue, realValue) VALUES ('COLAB_NAME', 0, 0, 'XCoLab', 0);
INSERT INTO xcolab_ConfigurationAttribute (name, additionalId, numericValue, stringValue, realValue) VALUES ('COLAB_SHORT_NAME', 0, 0, 'CoLab', 0);
INSERT INTO xcolab_ConfigurationAttribute (name, additionalId, numericValue, stringValue, realValue) VALUES ('COLAB_USES_CARDS', 0, 0, ' ', 0);
INSERT INTO xcolab_ConfigurationAttribute (name, additionalId, numericValue, stringValue, realValue) VALUES ('DAILY_DIGEST_TRIGGER_HOUR', 0, 1, ' ', 1);
INSERT INTO xcolab_ConfigurationAttribute (name, additionalId, numericValue, stringValue, realValue) VALUES ('DEFAULT_CONTEST_SCHEDULE_ID', 0, 601, '', 0);
INSERT INTO xcolab_ConfigurationAttribute (name, additionalId, numericValue, stringValue, realValue) VALUES ('DEFAULT_CONTEST_TEMPLATE_ID', 0, 102, null, null);
INSERT INTO xcolab_ConfigurationAttribute (name, additionalId, numericValue, stringValue, realValue) VALUES ('DEFAULT_CONTEST_TYPE_ID', 0, 0, '', 0);
INSERT INTO xcolab_ConfigurationAttribute (name, additionalId, numericValue, stringValue, realValue) VALUES ('DEFAULT_TIME_ZONE_ID', 0, 0, 'America/New_York', 0);
INSERT INTO xcolab_ConfigurationAttribute (name, additionalId, numericValue, stringValue, realValue) VALUES ('DISCUSSION_CONTENT_ARTICLE_ID', 0, 7, ' ', 0);
INSERT INTO xcolab_ConfigurationAttribute (name, additionalId, numericValue, stringValue, realValue) VALUES ('FACEBOOK_APPLICATION_ID', 0, 0, '', 0);
INSERT INTO xcolab_ConfigurationAttribute (name, additionalId, numericValue, stringValue, realValue) VALUES ('FACEBOOK_APPLICATION_SECRET', 0, 0, '', 0);
INSERT INTO xcolab_ConfigurationAttribute (name, additionalId, numericValue, stringValue, realValue) VALUES ('FACEBOOK_SSO_IS_ACTIVE', 0, 0, null, null);
INSERT INTO xcolab_ConfigurationAttribute (name, additionalId, numericValue, stringValue, realValue) VALUES ('FACEBOOK_VERIFIED_REQUIRED', 0, 0, '', 0);
INSERT INTO xcolab_ConfigurationAttribute (name, additionalId, numericValue, stringValue, realValue) VALUES ('FILTER_PROFANITY', 0, 0, '', 0);
INSERT INTO xcolab_ConfigurationAttribute (name, additionalId, numericValue, stringValue, realValue) VALUES ('FLAGGING_ALLOW_MEMBERS', 0, 0, '', 0);
INSERT INTO xcolab_ConfigurationAttribute (name, additionalId, numericValue, stringValue, realValue) VALUES ('FOOTER_CONTENT_ARTICLE_ID', 0, 3, ' ', 0);
INSERT INTO xcolab_ConfigurationAttribute (name, additionalId, numericValue, stringValue, realValue) VALUES ('GENERATE_SCREEN_NAME', 0, 0, '', 0);
INSERT INTO xcolab_ConfigurationAttribute (name, additionalId, numericValue, stringValue, realValue) VALUES ('GOOGLE_ANALYTICS_KEY', 0, 0, '', 0);
INSERT INTO xcolab_ConfigurationAttribute (name, additionalId, numericValue, stringValue, realValue) VALUES ('GOOGLE_AUTH_CLIENT_ID', 0, 0, '', 0);
INSERT INTO xcolab_ConfigurationAttribute (name, additionalId, numericValue, stringValue, realValue) VALUES ('GOOGLE_AUTH_CLIENT_SECRET', 0, 0, '', 0);
INSERT INTO xcolab_ConfigurationAttribute (name, additionalId, numericValue, stringValue, realValue) VALUES ('GOOGLE_RECAPTCHA_IS_ACTIVE', 0, 0, null, null);
INSERT INTO xcolab_ConfigurationAttribute (name, additionalId, numericValue, stringValue, realValue) VALUES ('GOOGLE_RECAPTCHA_SITE_KEY', 0, 0, '', 0);
INSERT INTO xcolab_ConfigurationAttribute (name, additionalId, numericValue, stringValue, realValue) VALUES ('GOOGLE_RECAPTCHA_SITE_SECRET_KEY', 0, 0, '', 0);
INSERT INTO xcolab_ConfigurationAttribute (name, additionalId, numericValue, stringValue, realValue) VALUES ('GOOGLE_SSO_IS_ACTIVE', 0, 0, null, null);
INSERT INTO xcolab_ConfigurationAttribute (name, additionalId, numericValue, stringValue, realValue) VALUES ('IMAGE_UPLOAD_EXTERNAL_SERVICE_URL', 0, 0, 'http://imgur.com/MRfmcOs', 0);
INSERT INTO xcolab_ConfigurationAttribute (name, additionalId, numericValue, stringValue, realValue) VALUES ('IMAGE_UPLOAD_HELP_TEXT', 0, 0, '<h4>Image upload in IMGUR:</h4><h5>This process works best on Google Chrome or Safari:</h5><br /><ol><li>Click on Upload - This will take you to Imgur, an image hosting platform where you can host your image.</li><li>On Imgur, click "New Post" and "Upload images."</li><li>Drag and drop or browse to the image you would like to use.</li> <li>After the image is uploaded to Imgur, right click on it, and select "Copy image address."</li><li>Return to the Climate CoLab page and paste it into the URL field.</li><li>Verify the image in the preview.</li><li>Click OK to insert the image to the Climate CoLab.</li></ol>', 0);
INSERT INTO xcolab_ConfigurationAttribute (name, additionalId, numericValue, stringValue, realValue) VALUES ('IS_MY_EMMA_ACTIVE', 0, 0, '', 0);
INSERT INTO xcolab_ConfigurationAttribute (name, additionalId, numericValue, stringValue, realValue) VALUES ('IS_POINTS_ACTIVE', 0, 1, '', 0);
INSERT INTO xcolab_ConfigurationAttribute (name, additionalId, numericValue, stringValue, realValue) VALUES ('IS_SHARED_COLAB', 0, 0, '', 0);
INSERT INTO xcolab_ConfigurationAttribute (name, additionalId, numericValue, stringValue, realValue) VALUES ('LANDING_PAGE_BANNER_CONTENT_ARTICLE_ID', 0, 4, ' ', 0);
INSERT INTO xcolab_ConfigurationAttribute (name, additionalId, numericValue, stringValue, realValue) VALUES ('LANDING_PAGE_BOTTOM_CONTENT_ARTICLE_ID', 0, 5, ' ', 0);
INSERT INTO xcolab_ConfigurationAttribute (name, additionalId, numericValue, stringValue, realValue) VALUES ('MEMBERS_CONTENT_ARTICLE_ID', 0, 6, ' ', 0);
INSERT INTO xcolab_ConfigurationAttribute (name, additionalId, numericValue, stringValue, realValue) VALUES ('META_PAGE_DESCRIPTION', 0, null, 'The XCoLab is a generic version of the Climate CoLab, a platform to crowdsource solutions to climate change.', null);
INSERT INTO xcolab_ConfigurationAttribute (name, additionalId, numericValue, stringValue, realValue) VALUES ('META_PAGE_KEYWORDS', 0, null, 'XCoLab, CoLab, open source, open innovation', null);
INSERT INTO xcolab_ConfigurationAttribute (name, additionalId, numericValue, stringValue, realValue) VALUES ('OPEN_GRAPH_SHARE_DESCRIPTION', 0, 0, 'The XCoLab is a generic version of the Climate CoLab, a platform to crowdsource solutions to climate change.', 0);
INSERT INTO xcolab_ConfigurationAttribute (name, additionalId, numericValue, stringValue, realValue) VALUES ('OPEN_GRAPH_SHARE_TITLE', 0, 0, 'XCoLab', 0);
INSERT INTO xcolab_ConfigurationAttribute (name, additionalId, numericValue, stringValue, realValue) VALUES ('PORTLET_CONTACT_FORM_PREFERENCES', 0, null, '{"preferences":{"default":{"EXPAND_LINK_TEXT":"Send feedback message","MESSAGE_SUBJECT":"[CoLab] USER_NAME sent a message using contact form","MESSAGE_FORMAT":"USER_NAME (USER_EMAIL) has sent message using contact form\\r\\nUSER_MESSAGE","RECIPIENTS":"pdeboer@mit.edu,lfi@mit.edu, annalyn@mit.edu, jperron@mit.edu,jobachhu@mit.edu"}}}', null);
INSERT INTO xcolab_ConfigurationAttribute (name, additionalId, numericValue, stringValue, realValue) VALUES ('PORTLET_CONTESTS_PREFERENCES', 0, null, '{"preferences":{"default":{"SELECTED_CONTESTS":"","ALL_CONTESTS_URL":"http:\\/\\/climatecolab.org\\/contests","CONTEST_FEED_SIZE":"2","CONTEST_TITLE":"Featured contests","ALL_CONTESTS_TITLE":"See all contests","SHOW_COUNTS":"true"}}}', null);
INSERT INTO xcolab_ConfigurationAttribute (name, additionalId, numericValue, stringValue, realValue) VALUES ('PORTLET_DISCUSSION_PREFERENCES', 0, 0, '{}', 0);
INSERT INTO xcolab_ConfigurationAttribute (name, additionalId, numericValue, stringValue, realValue) VALUES ('PORTLET_FEED_PREFERENCES', 0, null, '{"FEED_REMOVE_ADMIN":"false","FEED_SEE_MORE_LINK_SHOWN":"true","FEED_SIZE":"7","FEED_DISPLAY_STYLE":"SHORT","FEED_MAX_LENGTH":"0","FEED_TITLE":"Activities","PORTLET_TITLE":"Activities","FEED_TYPE":"ACTIVITIES"}', null);
INSERT INTO xcolab_ConfigurationAttribute (name, additionalId, numericValue, stringValue, realValue) VALUES ('PORTLET_PROPOSALS_PREFERENCES', 0, null, '{"preferences":{"default":{"CONTEST_TYPE_ID":"0","CALL_TO_ACTION":"New contests now open. "}}}', null);
INSERT INTO xcolab_ConfigurationAttribute (name, additionalId, numericValue, stringValue, realValue) VALUES ('PORTLET_RANDOM_PROPOSALS_PREFERENCES', 0, 0, '{ "SELECTED_PHASES_PREFERENCE": "", "FLAG_FILTER_PREFERENCE": "", "TITLE_PREFERENCE": "Interesting Proposals", "ALL_PROPOSALS_TITLE": "see all", "ALL_PROPOSALS_URL": "/contests", "FEED_SIZE_PREFERENCE": "3", "IS_COMPACT": "false"}', 0);
INSERT INTO xcolab_ConfigurationAttribute (name, additionalId, numericValue, stringValue, realValue) VALUES ('PORTLET_STAFF_MEMBERS_PREFERENCES', 0, null, '{"preferences":{"default":{"CATEGORY_ID":"5","COLUMN_AMOUNT":"5","DISPLAY_URL":"true","DISPLAY_PHOTO":"true","PORTLET_TITLE":"Project team"},"advisors":{"CATEGORY_ID":"9","COLUMN_AMOUNT":"5","DISPLAY_URL":"false","DISPLAY_PHOTO":"true","PORTLET_TITLE":" Current and Past Advisors"},"judges":{"CATEGORY_ID":"10","COLUMN_AMOUNT":"5","DISPLAY_URL":"false","DISPLAY_PHOTO":"true","PORTLET_TITLE":"Judges"}}}', null);
INSERT INTO xcolab_ConfigurationAttribute (name, additionalId, numericValue, stringValue, realValue) VALUES ('PUBLISH_JUDGING_RESULTS', 0, 1, '', 0);
INSERT INTO xcolab_ConfigurationAttribute (name, additionalId, numericValue, stringValue, realValue) VALUES ('SHOW_CONTESTS_DISPLAY_OPTIONS', 0, 1, '', 0);
INSERT INTO xcolab_ConfigurationAttribute (name, additionalId, numericValue, stringValue, realValue) VALUES ('SHOW_CONTEST_COUNTDOWN', 0, 1, '', 0);

INSERT INTO xcolab_ContentArticle (contentArticleId, authorId, createDate, maxVersionId, folderId, editRoleGroupId, viewRoleGroupId, visible) VALUES (1, 10144, '2016-05-11 09:21:08', 1, 2, null, null, 1);
INSERT INTO xcolab_ContentArticle (contentArticleId, authorId, createDate, maxVersionId, folderId, editRoleGroupId, viewRoleGroupId, visible) VALUES (2, 10144, '2016-05-11 09:21:08', 2, 2, null, null, 1);
INSERT INTO xcolab_ContentArticle (contentArticleId, authorId, createDate, maxVersionId, folderId, editRoleGroupId, viewRoleGroupId, visible) VALUES (3, 10144, '2016-05-11 09:21:08', 3, 2, null, null, 1);
INSERT INTO xcolab_ContentArticle (contentArticleId, authorId, createDate, maxVersionId, folderId, editRoleGroupId, viewRoleGroupId, visible) VALUES (4, 10144, '2016-05-11 09:21:08', 4, 2, null, null, 1);
INSERT INTO xcolab_ContentArticle (contentArticleId, authorId, createDate, maxVersionId, folderId, editRoleGroupId, viewRoleGroupId, visible) VALUES (5, 10144, '2016-05-11 09:21:08', 5, 2, null, null, 1);
INSERT INTO xcolab_ContentArticle (contentArticleId, authorId, createDate, maxVersionId, folderId, editRoleGroupId, viewRoleGroupId, visible) VALUES (6, 10144, '2016-05-11 09:21:08', 6, 2, null, null, 1);
INSERT INTO xcolab_ContentArticle (contentArticleId, authorId, createDate, maxVersionId, folderId, editRoleGroupId, viewRoleGroupId, visible) VALUES (7, 10144, '2016-05-11 09:21:08', 7, 2, null, null, 1);

INSERT INTO xcolab_ContentArticleVersion (contentArticleVersionId, contentArticleId, folderId, authorId, createDate, title, content) VALUES (1, 1, 2, 10144, '2016-07-19 12:38:47', 'Navigation', '<ul><li id="about"><a href="/web/guest/about">About the project</a></li></ul><script>var siteForNav=window.location.href.substring(window.location.href.lastIndexOf("/")+1);$("#"+siteForNav).addClass("c");</script>');
INSERT INTO xcolab_ContentArticleVersion (contentArticleVersionId, contentArticleId, folderId, authorId, createDate, title, content) VALUES (2, 2, 2, 10144, '2016-07-19 12:38:47', 'About', 'About this CoLab.');
INSERT INTO xcolab_ContentArticleVersion (contentArticleVersionId, contentArticleId, folderId, authorId, createDate, title, content) VALUES (3, 3, 2, 10144, '2016-07-19 12:38:47', 'Footer', 'The footer.');
INSERT INTO xcolab_ContentArticleVersion (contentArticleVersionId, contentArticleId, folderId, authorId, createDate, title, content) VALUES (4, 4, 2, 10144, '2016-07-19 12:38:47', 'Landing page top', 'Content.');
INSERT INTO xcolab_ContentArticleVersion (contentArticleVersionId, contentArticleId, folderId, authorId, createDate, title, content) VALUES (5, 5, 2, 10144, '2016-07-19 12:38:47', 'Landing page bottom', 'Content.');
INSERT INTO xcolab_ContentArticleVersion (contentArticleVersionId, contentArticleId, folderId, authorId, createDate, title, content) VALUES (6, 6, 2, 10144, '2016-07-19 12:38:47', 'Members menu', 'Content.');
INSERT INTO xcolab_ContentArticleVersion (contentArticleVersionId, contentArticleId, folderId, authorId, createDate, title, content) VALUES (7, 7, 2, 10144, '2016-07-19 12:38:47', 'Discussion menu', 'Content.');

INSERT INTO xcolab_ContentFolder (contentFolderId, contentFolderName, contentFolderDescription, parentFolderId) VALUES (1, 'Root', 'Content root', null);
INSERT INTO xcolab_ContentFolder (contentFolderId, contentFolderName, contentFolderDescription, parentFolderId) VALUES (2, 'Static Content', 'Displays static content that should be editable on the site', 1);
INSERT INTO xcolab_ContentFolder (contentFolderId, contentFolderName, contentFolderDescription, parentFolderId) VALUES (3, 'Wiki', 'Contains content for the wiki pages', 1);
INSERT INTO xcolab_ContentFolder (contentFolderId, contentFolderName, contentFolderDescription, parentFolderId) VALUES (4, 'Resource Pages', 'Stores the resource pages for contests', 1);

INSERT INTO xcolab_ContentPage (pageId, title, menuArticleId, contentArticleId, createdDate, modifiedDate) VALUES (50, 'about', 1, 2, '2017-03-10 06:00:00', '2017-03-10 06:00:00');

INSERT INTO xcolab_ContestEmailTemplate (type_, subject, header, footer) VALUES ('CONTEST_VOTE_DEFAULT', 'Your vote in the <contest-title/> contest', 'Dear <firstname/>,<br/><br/>This year''s voting period has started! We have automatically transferred your support for the proposal <proposal-link/> in the <contest-link/> contest to an official vote, as it was the only proposal you supported in this contest.<br/><br/>You can click the social media icons on the proposal page to share on <twitter>I just voted for a proposal at the @ClimateCoLab. Check it out!</twitter>, <facebook/>, <pinterest>I just voted for a proposal at the Climate CoLab. Check it out!</pinterest> or <linkedin title=''I just voted at the Climate CoLab''>I just voted for a proposal at the Climate CoLab. Check it out!</linkedin>, or simply forward this email to your friends.<br/><br/>Please note that you can only vote for one proposal per contest.  To change your vote in this contest, simply vote for another proposal in the <contest-link/> contest and your vote will transfer. To retract your vote in this contest, click "Retract vote" on the <proposal-link/> proposal page.<br/>We hope you''ll get a chance to cast your votes in <other-contests-link>other contests</other-contests-link> on the Climate CoLab as well.  Thank you for being an active member of the Climate CoLab!<br/><br/>Sincerely,<br/>The Climate CoLab Team<br /><a href=''http://www.climatecolab.org''>www.climatecolab.org</a>', '');
INSERT INTO xcolab_ContestEmailTemplate (type_, subject, header, footer) VALUES ('CONTEST_VOTE_QUESTION_DEFAULT', 'Vote for your favorite proposal in the <contest-title/> contest', 'Dear <firstname/>,<br/><br/>The voting period for the <contest-title/> contest has started! Vote now to help your favorite proposal win the Popular Choice award.<br/><br/>You are currently supporting the Finalist proposal(s) below in the <b><contest-title/></b> contest.<br/><b>To cast your vote, click the link below of the proposal you would like to win.</b> You can vote for one proposal per contest.<br/><br/><supported-proposals/><br/>Please note that you must have a valid email address for your vote to be counted. Votes cast by members with invalid email addresses will be removed. See the other proposals in this contest by visiting <contest-link/>. <a href=''http://climatecolab.org/resources/-/wiki/Main/Contest+Rules#Voting''>Click here for the complete voting rules.</a><br/><br/>Thank you! And be sure to stay tuned for the results.<br/><br/>Sincerely,<br/>The Climate CoLab Team<br /><a href=''http://www.climatecolab.org''>www.climatecolab.org</a>', '');
INSERT INTO xcolab_ContestEmailTemplate (type_, subject, header, footer) VALUES ('MEMBER_BATCH_REGISTERED_DEFAULT', 'Welcome to the <colab-name/>', 'Dear <firstname/>,<br/><br/>A new account has been created for you on the <colab-name/>. Please click <login-link/> to log in.<br/><br/>Sincerely,<br/>The <colab-name/> Team<br/><colab-admin-email/><br/><colab-url/>', '');
INSERT INTO xcolab_ContestEmailTemplate (type_, subject, header, footer) VALUES ('MEMBER_REGISTERED_DEFAULT', 'Welcome to the <colab-name/>!', '<p>Dear <sender-name/> <sender-lastname/>,</p>  <p>Welcome! You recently created an account with Climate CoLab under the username&nbsp;<span style="font-size:14px;"><strong><sender-screenname/></strong></span>.&nbsp;</p> Through MIT''s&nbsp;<a href="http://climatecolab.org/" style="color: rgb(0, 104, 207); cursor: pointer;" target="_blank">Climate CoLab</a>, you can collaborate with people from all over the world to create proposals on how to address climate change.  <p><b>To get started:</b></p>  <ul style="line-height: 21px; margin: 0px 0px 20px 1em;"> <li> <p>Learn&nbsp;<a href="http://climatecolab.org/web/guest/about" target="_blank"><span class="ecxs2">how the Climate CoLab works</span></a>.</p> </li> <li> <p>Check out our current&nbsp;<a href="http://climatecolab.org/web/guest/plans" target="_blank">climate change contests</a>&nbsp;and join the conversation. You can submit,&nbsp;support,&nbsp;comment on, and vote for proposals throughout the year.</p> </li> <li> <div style="margin-top: 14pt; margin-bottom: 14pt;">Connect with our community of over 85,000&nbsp;<a href="https://climatecolab.org/members" target="_blank">Members</a>;&nbsp;we''re also&nbsp;on&nbsp;<a href="http://www.twitter.com/climatecolab" target="_blank">Twitter</a>,&nbsp;<a href="http://www.facebook.com/climatecolab" target="_blank">Facebook</a>,&nbsp;<a href="https://www.linkedin.com/groups/Climate-CoLab-5074465?home=&amp;trk=anet_ug_hm&amp;gid=5074465" target="_blank">LinkedIn</a>,&nbsp;<a href="https://plus.google.com/+MITClimateCoLab" target="_blank">Google+</a>&nbsp;&amp;&nbsp;<a href="http://www.youtube.com/channel/UC34kqww4yZDDnQt-t5Ro0Sg">YouTube</a>.</div> </li> </ul>  <p>As a member, you''ll also receive our newsletter, CoLab Talk. Be sure to add no-reply@climatecolab.org to your safe senders list.&nbsp;<span class="s1">If you did not create this account or believe you received this message in error, please email <a href="mailto:admin@climatecolab.org"><span class="s2">admin@climatecolab.org</span></a>.</span></p>  <p>Happy CoLaborating!</p> Sincerely,<br /> The Climate CoLab Team<br /> admin@climatecolab.org<br /> http://climatecolab.org <div>&nbsp;</div>', ' ');
INSERT INTO xcolab_ContestEmailTemplate (type_, subject, header, footer) VALUES ('MEMBER_RESET_PASSWORD_DEFAULT', '<system-link/>: Reset Your Password', 'Dear <sender-name/> <sender-lastname/>,<br /> <br /> You can reset your password for the Climate CoLab <password-reset-link/> <br /> <br /> The request for a new password was made from <sender-ip/><br /> <br /> Sincerely,<br /> The Climate CoLab Team<br /> admin@climatecolab.org<br /> http://climatecolab.org', ' ');
INSERT INTO xcolab_ContestEmailTemplate (type_, subject, header, footer) VALUES ('PROPOSAL_CREATION_DEFAULT', 'You created a proposal!  Here''s what''s next...', 'Dear <firstname/>,<br/><br/>Congratulations!  You recently created the proposal, <proposal-link/>, in the <contest-link/> contest on the Climate CoLab.<br/><br/><b>What''s next:</b><ul><li><b>Share your proposal</b> with your friends and colleagues over <twitter>I just created a new proposal at the Climate CoLab. Check it out!</twitter>, <facebook/>, I just created a new proposal at the Climate CoLab. Check it out!</pinterest>, <linkedin title=''New proposal at @ClimateCoLab''>I just created a new proposal at the Climate CoLab. Check it out!</linkedin> & more.  Ask for support, comments, or just to check out what you''re working on.  Don''t forget to mention us @ClimateCoLab!</li><contest-deadline-section><li><b>The contest deadline is <deadline/></b> (except for proposals created in the Workspace, where there is no deadline). You can edit your proposal as many times as you want before then, but make sure your final version is updated before the deadline.  At that point, the most recent version of your proposal will be frozen and submitted to the Judges for review. To learn more about the contest process, <a href=''http://climatecolab.org/web/guest/crowdsourcing''>click here</a>.</li></contest-deadline-section></ul>Happy CoLaborating!<br/><br/>Sincerely,<br/><br/>The Climate CoLab Team<br/><a href=''mailto:admin@climatecolab.org''>admin@climatecolab.org</a><br/><a href=''http://www.climatecolab.org''>www.climatecolab.org</a>', '');
INSERT INTO xcolab_ContestEmailTemplate (type_, subject, header, footer) VALUES ('PROPOSAL_MEMBERSHIP_INVITE_DEFAULT', '<sender-name/> invites you to join the <proposal-string/> <proposal-title/>', 'User <sender-name/> invites you to contribute to the <proposal-string/> <proposal-link/> with the following message: <br /><br /><message/><br /><br />Click <accept-link>here</accept-link> to <strong>accept</strong> the invitation.<br />Click <decline-link>here</decline-link> to <strong>decline</strong> the invitation. By accepting to participate as a contributor to this proposal, you agree to Climate CoLab''s Terms of Use, Contest Rules, and Community Policies. ', '');
INSERT INTO xcolab_ContestEmailTemplate (type_, subject, header, footer) VALUES ('PROPOSAL_MEMBERSHIP_REQUEST_DEFAULT', '<sender-name/> wants to join your <proposal-string/> <proposal-title/>', 'User <sender-name/> has requested to join your <proposal-string/> <proposal-link/>. Click <proposal-link tab="ADMIN">here</proposal-link> to respond to it.', '');
INSERT INTO xcolab_ContestEmailTemplate (type_, subject, header, footer) VALUES ('PROPOSAL_VOTE_CONFIRMATION_DEFAULT', 'Please confirm your vote in the <contest-title/> contest', 'Dear <firstname/>,<br/><br/>Thank you for voting for the proposal <proposal-link/> in the <contest-link/> contest! Unfortunately, we have received a lot of votes from your network today. In order to make the voting process fair for everyone, we can only count your vote if you <confirmation-link>confirm it using this link</confirmation-link>.  <br /> <br /> Thank you for your understanding. If you have any questions, check out our <a href=''http://climatecolab.org/resources/-/wiki/Main/Contest+Rules#Voting''>voting rules</a>. <br /> <br />Thank you! <br/><br/>Sincerely,<br/>The Climate CoLab Team<br /><a href=''http://www.climatecolab.org''>www.climatecolab.org</a>', '');
INSERT INTO xcolab_ContestEmailTemplate (type_, subject, header, footer) VALUES ('PROPOSAL_VOTE_DEFAULT', 'Your vote in the <contest-title/> contest', 'Dear <firstname/>,<br/><br/>Thank you for voting for the proposal <proposal-link/> in the <contest-link/> contest!  <br/> The <colab-name/> Team', '');
INSERT INTO xcolab_ContestEmailTemplate (type_, subject, header, footer) VALUES ('TERMS_OF_SERVICE', '', 'See /page/terms-of-service.', '');

INSERT INTO xcolab_ContestPhaseRibbonType (id_, ribbon, title, hoverText, showText, description, copyOnPromote, sortOrder) VALUES (1, 2, 'Finalist', 'Finalist', 1, '', 0, 18);
INSERT INTO xcolab_ContestPhaseRibbonType (id_, ribbon, title, hoverText, showText, description, copyOnPromote, sortOrder) VALUES (2, 1, 'Winner', 'Popular Choice', 1, '', 0, 4);
INSERT INTO xcolab_ContestPhaseRibbonType (id_, ribbon, title, hoverText, showText, description, copyOnPromote, sortOrder) VALUES (3, 3, 'Semi-finalist', 'Semi-finalist', 1, '', 0, 19);
INSERT INTO xcolab_ContestPhaseRibbonType (id_, ribbon, title, hoverText, showText, description, copyOnPromote, sortOrder) VALUES (4, 1, 'Winner', 'Judges'' Choice', 1, '', 0, 3);
INSERT INTO xcolab_ContestPhaseRibbonType (id_, ribbon, title, hoverText, showText, description, copyOnPromote, sortOrder) VALUES (5, 1, 'Winner', 'Judges'' & Popular Choice', 1, '', 0, 2);

INSERT INTO xcolab_ContestPhaseType (id_, name, description, status, fellowScreeningActiveDefault, contestPhaseAutopromoteDefault, invisible, pointsAccessible, defaultPromotionType) VALUES (1, 'Proposal creation', '<p>CoLab members create proposals</p>', 'OPEN_FOR_SUBMISSION', 0, '', 0, 2, 'PROMOTE');
INSERT INTO xcolab_ContestPhaseType (id_, name, description, status, fellowScreeningActiveDefault, contestPhaseAutopromoteDefault, invisible, pointsAccessible, defaultPromotionType) VALUES (2, 'Second phase', 'Second phase', 'OPEN_FOR_SUBMISSION', 0, '', 0, 2, 'PROMOTE');
INSERT INTO xcolab_ContestPhaseType (id_, name, description, status, fellowScreeningActiveDefault, contestPhaseAutopromoteDefault, invisible, pointsAccessible, defaultPromotionType) VALUES (3, 'Voting phase', 'Voting phase', 'VOTING', 0, '', 0, 1, 'PROMOTE_RIBBONIZE');
INSERT INTO xcolab_ContestPhaseType (id_, name, description, status, fellowScreeningActiveDefault, contestPhaseAutopromoteDefault, invisible, pointsAccessible, defaultPromotionType) VALUES (4, 'Round 1', 'Round 1', 'OPEN_FOR_SUBMISSION', 0, '', 0, 1, 'PROMOTE');
INSERT INTO xcolab_ContestPhaseType (id_, name, description, status, fellowScreeningActiveDefault, contestPhaseAutopromoteDefault, invisible, pointsAccessible, defaultPromotionType) VALUES (5, 'Sandbox', 'Sandbox', 'OPEN_FOR_SUBMISSION', 0, '', 0, 1, 'PROMOTE');
INSERT INTO xcolab_ContestPhaseType (id_, name, description, status, fellowScreeningActiveDefault, contestPhaseAutopromoteDefault, invisible, pointsAccessible, defaultPromotionType) VALUES (6, 'Finalized', 'Finalized', 'CLOSED', 0, '', 0, 1, '');
INSERT INTO xcolab_ContestPhaseType (id_, name, description, status, fellowScreeningActiveDefault, contestPhaseAutopromoteDefault, invisible, pointsAccessible, defaultPromotionType) VALUES (7, 'Final Round', 'Final Round', 'CLOSED', 0, '', 0, 1, '');
INSERT INTO xcolab_ContestPhaseType (id_, name, description, status, fellowScreeningActiveDefault, contestPhaseAutopromoteDefault, invisible, pointsAccessible, defaultPromotionType) VALUES (8, 'Draft', 'Draft', 'CLOSED', 0, '', 0, 1, '');
INSERT INTO xcolab_ContestPhaseType (id_, name, description, status, fellowScreeningActiveDefault, contestPhaseAutopromoteDefault, invisible, pointsAccessible, defaultPromotionType) VALUES (9, '2010 finalists', '2010 finalists', 'OPEN_FOR_EDIT', 0, '', 0, 1, '');
INSERT INTO xcolab_ContestPhaseType (id_, name, description, status, fellowScreeningActiveDefault, contestPhaseAutopromoteDefault, invisible, pointsAccessible, defaultPromotionType) VALUES (10, 'Contest Completed', 'Contest Completed', 'CLOSED', 0, '', 0, 1, '');
INSERT INTO xcolab_ContestPhaseType (id_, name, description, status, fellowScreeningActiveDefault, contestPhaseAutopromoteDefault, invisible, pointsAccessible, defaultPromotionType) VALUES (11, 'Finalist selection', 'Expert judges select finalists<br/><br/>', 'CLOSED', 1, '', 0, 2, 'PROMOTE_JUDGED');
INSERT INTO xcolab_ContestPhaseType (id_, name, description, status, fellowScreeningActiveDefault, contestPhaseAutopromoteDefault, invisible, pointsAccessible, defaultPromotionType) VALUES (12, 'Proposal revisions', 'Finalists can improve their proposals<br/><br/>', 'OPEN_FOR_EDIT', 0, '', 0, 2, 'PROMOTE');
INSERT INTO xcolab_ContestPhaseType (id_, name, description, status, fellowScreeningActiveDefault, contestPhaseAutopromoteDefault, invisible, pointsAccessible, defaultPromotionType) VALUES (13, 'Selection of winners', 'CoLab members vote and judges also select winners<br/><br/>', 'VOTING', 0, '', 0, 1, 'PROMOTE_RIBBONIZE');
INSERT INTO xcolab_ContestPhaseType (id_, name, description, status, fellowScreeningActiveDefault, contestPhaseAutopromoteDefault, invisible, pointsAccessible, defaultPromotionType) VALUES (14, 'Completed', 'Winners are awarded<br/><br/>', 'COMPLETED', 0, '', 0, 1, '');
INSERT INTO xcolab_ContestPhaseType (id_, name, description, status, fellowScreeningActiveDefault, contestPhaseAutopromoteDefault, invisible, pointsAccessible, defaultPromotionType) VALUES (15, 'Winners selection', 'CoLab members vote and judges also select winners<br/><br/>', 'VOTING', 0, '', 0, 1, 'PROMOTE_RIBBONIZE');
INSERT INTO xcolab_ContestPhaseType (id_, name, description, status, fellowScreeningActiveDefault, contestPhaseAutopromoteDefault, invisible, pointsAccessible, defaultPromotionType) VALUES (16, 'Semi-Finalist selection', 'Expert judges select semi-finalists<br/><br/>', 'CLOSED', 0, '', 0, 2, 'PROMOTE_JUDGED');
INSERT INTO xcolab_ContestPhaseType (id_, name, description, status, fellowScreeningActiveDefault, contestPhaseAutopromoteDefault, invisible, pointsAccessible, defaultPromotionType) VALUES (17, 'Winners awarded', 'Winners are announced for the Judges’ and Popular Choice Awards<br/><br/>', 'COMPLETED', 0, '', 0, 1, '');
INSERT INTO xcolab_ContestPhaseType (id_, name, description, status, fellowScreeningActiveDefault, contestPhaseAutopromoteDefault, invisible, pointsAccessible, defaultPromotionType) VALUES (18, 'Proposal revisions', 'Semi-finalists can improve their proposals<br/><br/>', 'OPEN_FOR_EDIT', 0, '', 0, 2, 'PROMOTE');
INSERT INTO xcolab_ContestPhaseType (id_, name, description, status, fellowScreeningActiveDefault, contestPhaseAutopromoteDefault, invisible, pointsAccessible, defaultPromotionType) VALUES (19, 'Finalist selection', 'Expert judges select finalists<br/><br/>', 'CLOSED', 0, '', 0, 2, 'PROMOTE_JUDGED');
INSERT INTO xcolab_ContestPhaseType (id_, name, description, status, fellowScreeningActiveDefault, contestPhaseAutopromoteDefault, invisible, pointsAccessible, defaultPromotionType) VALUES (20, 'Voting Period', 'Public Voting Period <br/><br/>', 'VOTING', 0, '', 0, 1, 'PROMOTE_RIBBONIZE');
INSERT INTO xcolab_ContestPhaseType (id_, name, description, status, fellowScreeningActiveDefault, contestPhaseAutopromoteDefault, invisible, pointsAccessible, defaultPromotionType) VALUES (21, 'Voting', 'Public Voting Period <br/><br/>', 'VOTING', 0, '0', 0, 1, 'PROMOTE_RIBBONIZE');
INSERT INTO xcolab_ContestPhaseType (id_, name, description, status, fellowScreeningActiveDefault, contestPhaseAutopromoteDefault, invisible, pointsAccessible, defaultPromotionType) VALUES (200, 'Finalists Announced', 'Finalists are announced<br/><br/>', 'FINALISTS_ANNOUNCED', 0, '', 0, 1, '');
INSERT INTO xcolab_ContestPhaseType (id_, name, description, status, fellowScreeningActiveDefault, contestPhaseAutopromoteDefault, invisible, pointsAccessible, defaultPromotionType) VALUES (201, '1st review', 'CoLab members create proposals<br/><br/>', 'OPEN_FOR_SUBMISSION', 0, '', 0, 2, 'PROMOTE');
INSERT INTO xcolab_ContestPhaseType (id_, name, description, status, fellowScreeningActiveDefault, contestPhaseAutopromoteDefault, invisible, pointsAccessible, defaultPromotionType) VALUES (301, 'Winners announced soon', 'Winners announced soon<br/><br/>', 'CLOSED', 0, '', 1, 1, '');
INSERT INTO xcolab_ContestPhaseType (id_, name, description, status, fellowScreeningActiveDefault, contestPhaseAutopromoteDefault, invisible, pointsAccessible, defaultPromotionType) VALUES (401, 'Early Bird', 'Judges give feedback to proposals submitted by the Early Bird deadline<br/><br/>', 'OPEN_FOR_SUBMISSION', 0, '', 0, 2, 'PROMOTE');

INSERT INTO xcolab_ContestTeamMemberRole (id_, role, sort) VALUES (193260, 'Advisor', 0);
INSERT INTO xcolab_ContestTeamMemberRole (id_, role, sort) VALUES (193261, 'Fellow', 2);
INSERT INTO xcolab_ContestTeamMemberRole (id_, role, sort) VALUES (1251483, 'Judge', 1);
INSERT INTO xcolab_ContestTeamMemberRole (id_, role, sort) VALUES (1975251, 'Impact Fellow', 3);

INSERT INTO xcolab_ContestType (id_, contestName, contestNamePlural, proposalName, proposalNamePlural, portletName, portletUrl, friendlyUrlStringContests, friendlyUrlStringProposal, menuItemName, hasDiscussion, suggestionContestId, rulesPageName, rulesPageUrl, showProposalSummary, overrideCreationPrompt, pitchName, showTeamField, showResourceLinks)
  VALUES (0, 'Contest', 'Contests', 'Proposal', 'Proposals', 'proposals', '/contests', 'contests', 'proposal', 'Contests', 1, 0, 'Contest rules', '/web/guest/resources/-/wiki/Main/Contest+rules', 1, null, 'Pitch', 1, 1);

INSERT INTO xcolab_FocusArea (id_, name, order_) VALUES (0, 'any-any-any default', 0);
INSERT INTO xcolab_FocusArea (id_, name, order_) VALUES (1, 'any-any-any', 0);
INSERT INTO xcolab_FocusArea (id_, name, order_) VALUES (2, 'any-any-any', 0);

INSERT INTO xcolab_ImpactIteration (iterationId, year) VALUES (1, 2020);
INSERT INTO xcolab_ImpactIteration (iterationId, year) VALUES (1, 2030);
INSERT INTO xcolab_ImpactIteration (iterationId, year) VALUES (1, 2040);
INSERT INTO xcolab_ImpactIteration (iterationId, year) VALUES (1, 2050);

INSERT INTO xcolab_ImpactTemplateSeries (seriesId, iterationId, name) VALUES (1, 1, 'Default series');

INSERT INTO xcolab_MemberCategory (roleId, displayName, categoryName, sortOrder, showInList, imageName, description) VALUES (10118, 'Admin', 'Admin', 1, 0, 'icon_mem-staff', 'Site admins - non-visible role');
INSERT INTO xcolab_MemberCategory (roleId, displayName, categoryName, sortOrder, showInList, imageName, description) VALUES (10122, 'Member', 'Members', 2, 1, 'icon_mem-member', '');
INSERT INTO xcolab_MemberCategory (roleId, displayName, categoryName, sortOrder, showInList, imageName, description) VALUES (31213, 'Moderator', 'Moderators', 9, 0, 'icon_mem-moderator', '');
INSERT INTO xcolab_MemberCategory (roleId, displayName, categoryName, sortOrder, showInList, imageName, description) VALUES (31704, 'Staff', 'Staff', 8, 1, 'icon_mem-staff', '');
INSERT INTO xcolab_MemberCategory (roleId, displayName, categoryName, sortOrder, showInList, imageName, description) VALUES (44201, 'Expert', 'Experts', 6, 0, 'icon_mem-expert', '');
INSERT INTO xcolab_MemberCategory (roleId, displayName, categoryName, sortOrder, showInList, imageName, description) VALUES (193260, 'Advisor', 'Advisors', 5, 1, 'icon_mem-advisor', '');
INSERT INTO xcolab_MemberCategory (roleId, displayName, categoryName, sortOrder, showInList, imageName, description) VALUES (193261, 'Fellow', 'Fellows', 4, 1, 'icon_mem-fellow', '');
INSERT INTO xcolab_MemberCategory (roleId, displayName, categoryName, sortOrder, showInList, imageName, description) VALUES (1251483, 'Judge', 'Judges', 7, 1, 'icon_mem-judges', '');
INSERT INTO xcolab_MemberCategory (roleId, displayName, categoryName, sortOrder, showInList, imageName, description) VALUES (1430078, 'Catalyst', 'Catalysts', 3, 1, 'icon_mem-catalyst', '');
INSERT INTO xcolab_MemberCategory (roleId, displayName, categoryName, sortOrder, showInList, imageName, description) VALUES (1958405, 'Contest Manager', 'Contest Managers', 6, 0, 'icon_mem-staff', '');
INSERT INTO xcolab_MemberCategory (roleId, displayName, categoryName, sortOrder, showInList, imageName, description) VALUES (1975251, 'Impact Assessment Fellow', 'IA Fellows', 4, 1, 'icon_mem-fellow', '');

INSERT INTO xcolab_OntologySpace (id_, name, description, order_) VALUES (102, 'Who', 'will take the actions', 3);
INSERT INTO xcolab_OntologySpace (id_, name, description, order_) VALUES (103, 'What', 'actions will be taken', 1);
INSERT INTO xcolab_OntologySpace (id_, name, description, order_) VALUES (104, 'Where', 'will the actions be taken', 2);
INSERT INTO xcolab_OntologySpace (id_, name, description, order_) VALUES (105, 'How', 'will the actions be taken', 4);

INSERT INTO xcolab_OntologyTerm (id_, parentId, ontologySpaceId, name, descriptionUrl, order_) VALUES (1, 0, 102, 'Any Actor', '', 5);
INSERT INTO xcolab_OntologyTerm (id_, parentId, ontologySpaceId, name, descriptionUrl, order_) VALUES (2, 0, 103, 'Any action', '', 5);
INSERT INTO xcolab_OntologyTerm (id_, parentId, ontologySpaceId, name, descriptionUrl, order_) VALUES (3, 0, 104, 'Anywhere', '', 5);
INSERT INTO xcolab_OntologyTerm (id_, parentId, ontologySpaceId, name, descriptionUrl, order_) VALUES (1300601, 0, 105, 'Any kind of action', '', 5);

INSERT INTO xcolab_PointType (id_, parentPointTypeId, percentageOfParent, distributionStrategy, receiverLimitationStrategy, name, sort) VALUES (1, 0, 1, 'DEFINED_BY_CHILDREN_PERCENTAGES', 'ANY_USER', '', 1);
INSERT INTO xcolab_PointType (id_, parentPointTypeId, percentageOfParent, distributionStrategy, receiverLimitationStrategy, name, sort) VALUES (2, 3, 0.9, 'USER_DEFINED', 'ANY_TEAM_MEMBER', '', 2);
INSERT INTO xcolab_PointType (id_, parentPointTypeId, percentageOfParent, distributionStrategy, receiverLimitationStrategy, name, sort) VALUES (3, 1, 0.05, 'DEFINED_BY_CHILDREN_PERCENTAGES', 'ANY_USER', '', 3);
INSERT INTO xcolab_PointType (id_, parentPointTypeId, percentageOfParent, distributionStrategy, receiverLimitationStrategy, name, sort) VALUES (4, 11, 0.02105263158, 'EQUAL_DIVISION', 'BASIC_SUBPROPOSALS', '', 4);
INSERT INTO xcolab_PointType (id_, parentPointTypeId, percentageOfParent, distributionStrategy, receiverLimitationStrategy, name, sort) VALUES (5, 3, 0.1, 'USER_DEFINED', 'ANY_NON_TEAM_MEMBER', '', 5);
INSERT INTO xcolab_PointType (id_, parentPointTypeId, percentageOfParent, distributionStrategy, receiverLimitationStrategy, name, sort) VALUES (6, 0, 1, 'DEFINED_BY_CHILDREN_PERCENTAGES', 'ANY_USER', '', 1);
INSERT INTO xcolab_PointType (id_, parentPointTypeId, percentageOfParent, distributionStrategy, receiverLimitationStrategy, name, sort) VALUES (7, 6, 0.1, 'USER_DEFINED', 'ANY_TEAM_MEMBER', '', 2);
INSERT INTO xcolab_PointType (id_, parentPointTypeId, percentageOfParent, distributionStrategy, receiverLimitationStrategy, name, sort) VALUES (8, 6, 0.9, 'EQUAL_DIVISION', 'SUBPROPOSALS', '', 3);
INSERT INTO xcolab_PointType (id_, parentPointTypeId, percentageOfParent, distributionStrategy, receiverLimitationStrategy, name, sort) VALUES (9, 11, 0.9789473684, 'SECTION_DEFINED', 'REGIONAL_SUBPROPOSALS', '', 5);
INSERT INTO xcolab_PointType (id_, parentPointTypeId, percentageOfParent, distributionStrategy, receiverLimitationStrategy, name, sort) VALUES (10, 0, 1, 'USER_DEFINED', 'ANY_TEAM_MEMBER', '', 6);
INSERT INTO xcolab_PointType (id_, parentPointTypeId, percentageOfParent, distributionStrategy, receiverLimitationStrategy, name, sort) VALUES (11, 1, 0.95, 'DEFINED_BY_CHILDREN_PERCENTAGES', 'ANY_USER', '', 4);

INSERT INTO xcolab_ProposalRatingType (id_, label, description, judgeType, isActive) VALUES (1, 'Novelty', 'The degree to which the proposal is original (not only rare but also ingenious, imaginative, or surprising), and modifies a paradigm.', 1, 1);
INSERT INTO xcolab_ProposalRatingType (id_, label, description, judgeType, isActive) VALUES (2, 'Feasibility', 'The degree to which the proposal is appealing (socially, legally and politically) and implementable (technically and economically).', 1, 1);
INSERT INTO xcolab_ProposalRatingType (id_, label, description, judgeType, isActive) VALUES (3, 'Impact', 'The degree to which the proposal, if successfully implemented, will be effective at solving the challenge in the contest prompt.', 1, 1);
INSERT INTO xcolab_ProposalRatingType (id_, label, description, judgeType, isActive) VALUES (4, 'Thoroughness', 'The degree to which the proposal is worked out in detail and there is a clear relationship between the recommended action and the expected outcome.', 1, 0);
INSERT INTO xcolab_ProposalRatingType (id_, label, description, judgeType, isActive) VALUES (5, 'Presentation', 'The degree to which the proposal is presented in a clear, persuasive and appealing manner.', 1, 1);
INSERT INTO xcolab_ProposalRatingType (id_, label, description, judgeType, isActive) VALUES (6, 'Novelty', 'The degree to which the proposal is original (not only rare but also ingenious, imaginative, or surprising), and modifies a paradigm.', 2, 1);
INSERT INTO xcolab_ProposalRatingType (id_, label, description, judgeType, isActive) VALUES (7, 'Feasibility', 'The degree to which the proposal is appealing (socially, legally and politically) and implementable (technically and economically).', 2, 1);
INSERT INTO xcolab_ProposalRatingType (id_, label, description, judgeType, isActive) VALUES (8, 'Impact', 'The degree to which the proposal, if successfully implemented, will be effective at solving the challenge in the contest prompt.', 2, 1);
INSERT INTO xcolab_ProposalRatingType (id_, label, description, judgeType, isActive) VALUES (9, 'Thoroughness', 'The degree to which the proposal is worked out in detail and there is a clear relationship between the recommended action and the expected outcome.', 2, 0);
INSERT INTO xcolab_ProposalRatingType (id_, label, description, judgeType, isActive) VALUES (10, 'Presentation', 'The degree to which the proposal is presented in a clear, persuasive and appealing manner.', 2, 1);
INSERT INTO xcolab_ProposalRatingType (id_, label, description, judgeType, isActive) VALUES (11, 'Novelty', 'The degree to which the proposal is original (not only rare but also ingenious, imaginative, or surprising), and modifies a paradigm.', 3, 1);
INSERT INTO xcolab_ProposalRatingType (id_, label, description, judgeType, isActive) VALUES (12, 'Feasibility', 'The degree to which the proposal is appealing (socially, legally and politically) and implementable (technically and economically).', 3, 1);
INSERT INTO xcolab_ProposalRatingType (id_, label, description, judgeType, isActive) VALUES (13, 'Impact', 'The degree to which the proposal, if successfully implemented, will be effective at solving the challenge in the contest prompt.', 3, 1);
INSERT INTO xcolab_ProposalRatingType (id_, label, description, judgeType, isActive) VALUES (14, 'Thoroughness', 'The degree to which the proposal is worked out in detail and there is a clear relationship between the recommended action and the expected outcome.', 3, 0);
INSERT INTO xcolab_ProposalRatingType (id_, label, description, judgeType, isActive) VALUES (15, 'Presentation', 'The degree to which the proposal is presented in a clear, persuasive and appealing manner.', 3, 1);

INSERT INTO xcolab_RolesCategory (roleId, categoryName, roleOrdinal) VALUES (10122, 'Member', 2);
INSERT INTO xcolab_RolesCategory (roleId, categoryName, roleOrdinal) VALUES (31704, 'Staff', 8);
INSERT INTO xcolab_RolesCategory (roleId, categoryName, roleOrdinal) VALUES (44201, 'Expert', 6);
INSERT INTO xcolab_RolesCategory (roleId, categoryName, roleOrdinal) VALUES (193260, 'Advisor', 5);
INSERT INTO xcolab_RolesCategory (roleId, categoryName, roleOrdinal) VALUES (193261, 'Fellow', 4);
INSERT INTO xcolab_RolesCategory (roleId, categoryName, roleOrdinal) VALUES (312213, 'Moderator', 9);
INSERT INTO xcolab_RolesCategory (roleId, categoryName, roleOrdinal) VALUES (1251483, 'Judges', 7);
INSERT INTO xcolab_RolesCategory (roleId, categoryName, roleOrdinal) VALUES (1430078, 'Catalyst', 3);
INSERT INTO xcolab_RolesCategory (roleId, categoryName, roleOrdinal) VALUES (1958405, 'Contest Manager', 6);
INSERT INTO xcolab_RolesCategory (roleId, categoryName, roleOrdinal) VALUES (1975251, 'Impact Assessment Fellow', 4);
